Workbook

Sheet 2019
A1: Date | B1: Source de trafic | C1: Région | D1: Produit | E1: Prix | F1: Unité | G1: CA | H1: Délai de livraison | I1: Retour | J1: Satisfaction
A2: 43466 | B2: Publicité | C2: Bretagne | D2: Produit 4 | E2: 89 | F2: 2 | G2: ='2019'!$E2*'2019'!$F2 -> 178 | H2: retardée | I2: Non | J2: Insatisfait
A3: 43466 | B3: Social | C3: Bretagne | D3: Produit 2 | E3: 159 | F3: 6 | G3: ='2019'!$E3*'2019'!$F3 -> 954 | H3: retardée | I3: Non | J3: Correct
A4: 43466 | B4: Publicité | C4: Bretagne | D4: Produit 3 | E4: 289 | F4: 8 | G4: ='2019'!$E4*'2019'!$F4 -> 2312 | H4: à temps | I4: Non | J4: Correct
A5: 43466 | B5: Social | C5: Ile-de-France | D5: Produit 1 | E5: 359 | F5: 7 | G5: ='2019'!$E5*'2019'!$F5 -> 2513 | H5: à temps | I5: Oui | J5: Très insatisfait
A6: 43467 | B6: Publicité | C6: PACA | D6: Produit 4 | E6: 89 | F6: 1 | G6: ='2019'!$E6*'2019'!$F6 -> 89 | H6: à temps | I6: Non | J6: Insatisfait
A7: 43467 | B7: Publicité | C7: PACA | D7: Produit 4 | E7: 89 | F7: 3 | G7: ='2019'!$E7*'2019'!$F7 -> 267 | H7: à temps | I7: Non | J7: Correct
A8: 43467 | B8: Social | C8: Bretagne | D8: Produit 2 | E8: 159 | F8: 2 | G8: ='2019'!$E8*'2019'!$F8 -> 318 | H8: à temps | I8: Non | J8: Insatisfait
A9: 43467 | B9: Social | C9: Rhône Alpes | D9: Produit 4 | E9: 89 | F9: 4 | G9: ='2019'!$E9*'2019'!$F9 -> 356 | H9: retardée | I9: Non | J9: Correct
A10: 43467 | B10: Publicité | C10: Bretagne | D10: Produit 4 | E10: 89 | F10: 5 | G10: ='2019'!$E10*'2019'!$F10 -> 445 | H10: à temps | I10: Non | J10: Très insatisfait
A11: 43467 | B11: Social | C11: Bretagne | D11: Produit 2 | E11: 159 | F11: 3 | G11: ='2019'!$E11*'2019'!$F11 -> 477 | H11: à temps | I11: Non | J11: Insatisfait
A12: 43467 | B12: Publicité | C12: Bretagne | D12: Produit 4 | E12: 89 | F12: 7 | G12: ='2019'!$E12*'2019'!$F12 -> 623 | H12: à temps | I12: Non | J12: Correct
A13: 43467 | B13: Direct | C13: Aquitaine | D13: Produit 2 | E13: 159 | F13: 4 | G13: ='2019'!$E13*'2019'!$F13 -> 636 | H13: à temps | I13: Non | J13: Correct
... A1701: 43830 | B1701: Direct | C1701: Bretagne | D1701: Produit 1 | E1701: 359 | F1701: 10 | G1701: ='2019'!$E1701*'2019'!$F1701 -> 3590 | H1701: retardée | I1701: Non | J1701: Correct
